"","SOC","Occupation","Job Postings","Entry Education","Sector","Category","Pct. 75 Earnings","Pct..75.Hourly.Earnings","deduplicatedPostings"
"1","53-3032","Heavy & Tractor-Trailer Truck Drivers",3353,"Postsecondary nondegree award","Logistics","tran",17.44,26.31,2682
"2","29-1141","Registered Nurses",1511,"Bachelor's degree","Healthcare","dire",25.12,35.06,1209
"3","41-2031","Retail Salespersons",974,"No formal educational credential",NA,NA,8.92,12.61,779
"4","43-4051","Customer Service Representatives",907,"High school diploma or equivalent","Food","corp",12.6,18.92,726
"5","43-4051","Customer Service Representatives",907,"High school diploma or equivalent","Healthcare","admi",12.6,18.92,726
"6","41-4012","Sales Reps Wholesale & Manufacturing Non-technical",879,"High school diploma or equivalent",NA,NA,18.74,41.56,703
"7","41-1011","Supervisors of Retail Sales Workers",690,"High school diploma or equivalent",NA,NA,11.97,20.37,552
"8","53-7062","Laborers & Freight Stock & Material Movers Hand",631,"No formal educational credential","Logistics","ware",10.95,16.75,505
"9","49-9071","Maintenance & Repair Workers General",462,"High school diploma or equivalent","Food","prod",14.26,24.02,370
"10","49-9071","Maintenance & Repair Workers General",462,"High school diploma or equivalent","Manufacturing","main",14.26,24.02,370
"11","15-1199","Computer Occupations All Other",433,"Bachelor's degree","Food","corp",31.35,51.92,346
"12","15-1199","Computer Occupations All Other",433,"Bachelor's degree","Healthcare","admi",31.35,51.92,346
"13","15-1132","Software Developers Applications",427,"Bachelor's degree","Food","corp",27.44,43.68,342
"14","15-1132","Software Developers Applications",427,"Bachelor's degree","IT","programmingSoftware",27.44,43.68,342
"15","31-1014","Nursing Assistants",415,"Postsecondary nondegree award","Healthcare","dire",10.7,14.22,332
"16","11-9199","Managers All Other",414,"Bachelor's degree",NA,NA,26.29,44.93,331
"17","35-1012","Supervisors of Food Preparation & Serving Workers",386,"High school diploma or equivalent",NA,NA,10.72,17.57,309
"18","43-3031","Bookkeeping Accounting & Auditing Clerks",372,"Some college no degree","Business","fin",13.99,21.07,298
"19","43-3031","Bookkeeping Accounting & Auditing Clerks",372,"Some college no degree","Food","corp",13.99,21.07,298
"20","43-3031","Bookkeeping Accounting & Auditing Clerks",372,"Some college no degree","Healthcare","admi",13.99,21.07,298
"21","43-6014","Secretaries & Administrative Assistants",351,"High school diploma or equivalent","Business","adv",12.28,19.13,281
"22","39-9011","Childcare Workers",346,"High school diploma or equivalent",NA,NA,8.32,10.66,277
"23","13-1071","Human Resources Specialists",331,"Bachelor's degree","Food","corp",18.01,31.72,265
"24","13-1071","Human Resources Specialists",331,"Bachelor's degree","Healthcare","admi",18.01,31.72,265
"25","11-9111","Medical & Health Services Managers",326,"Bachelor's degree","Healthcare","dire",31.89,52.54,261
"26","35-3021","Food Prep & Serving Workers Incl. Fast Food",319,"No formal educational credential","Food","rest",8.61,9.81,255
"27","43-5081","Stock Clerks & Order Fillers",318,"No formal educational credential","Food","prod",9.72,14.77,254
"28","43-5081","Stock Clerks & Order Fillers",318,"No formal educational credential","Logistics","ware",9.72,14.77,254
"29","33-9032","Security Guards",317,"High school diploma or equivalent",NA,NA,9.41,13.9,254
"30","13-2011","Accountants & Auditors",293,"Bachelor's degree","Business","fin",21.93,36.42,234
"31","13-2011","Accountants & Auditors",293,"Bachelor's degree","Food","corp",21.93,36.42,234
"32","13-2011","Accountants & Auditors",293,"Bachelor's degree","Healthcare","admi",21.93,36.42,234
"33","29-2061","Licensed Practical & Licensed Vocational Nurses",291,"Postsecondary nondegree award","Healthcare","dire",17.34,22.66,233
"34","29-1069","Physicians & Surgeons All Other",268,"Doctoral or professional degree",NA,NA,33.17,85.64,214
"35","11-1021","General & Operations Managers",226,"Bachelor's degree","Food","rest",24.76,55.39,181
"36","11-2022","Sales Managers",223,"Bachelor's degree","Business","adv",29.32,59.77,178
"37","11-2022","Sales Managers",223,"Bachelor's degree","Food","hosp",29.32,59.77,178
"38","15-1151","Computer User Support Specialists",220,"Some college no degree","IT","informationSupport",15.94,25.5,176
"39","27-1026","Merchandise Displayers & Window Trimmers",218,"High school diploma or equivalent",NA,NA,11.31,18.45,174
"40","13-1111","Management Analysts",203,"Bachelor's degree","Business","leg",25.65,43.27,162
"41","35-2014","Cooks Restaurant",200,"No formal educational credential","Food","rest",8.92,12.43,160
"42","41-2011","Cashiers",198,"No formal educational credential","Food","rest",8.74,10.7,158
"43","29-2071","Medical Records & Health Information Technicians",191,"Postsecondary nondegree award","Healthcare","admi",13.32,21.04,153
"44","51-9199","Production Workers All Other",189,"High school diploma or equivalent","Food","prod",9.22,14.94,151
"45","51-9199","Production Workers All Other",189,"High school diploma or equivalent","Manufacturing","prod",9.22,14.94,151
"46","53-3033","Light Truck or Delivery Services Drivers",189,"High school diploma or equivalent","Food","prod",12.38,22.2,151
"47","53-3033","Light Truck or Delivery Services Drivers",189,"High school diploma or equivalent","Logistics","tran",12.38,22.2,151
"48","53-3031","Driver/Sales Workers",180,"High school diploma or equivalent",NA,NA,9.26,15.84,144
"49","31-9092","Medical Assistants",179,"Postsecondary nondegree award","Healthcare","dire",12.31,16.68,143
"50","43-6013","Medical Secretaries",179,"High school diploma or equivalent","Healthcare","admi",12.22,17.41,143
"51","37-2012","Maids & Housekeeping Cleaners",172,"No formal educational credential","Food","hosp",8.8,11.39,138
"52","51-1011","Supervisors of Production & Operating Workers",171,"High school diploma or equivalent","Logistics","ware",19.77,32.05,137
"53","43-1011","Supervisors of Office & Administrative Support Workers",168,"High school diploma or equivalent","Healthcare","admi",19.28,30.47,134
"54","11-3031","Financial Managers",166,"Bachelor's degree","Business","fin",31,61.99,133
"55","29-1123","Physical Therapists",164,"Doctoral or professional degree","Healthcare","dire",33.03,45.46,131
"56","41-3021","Insurance Sales Agents",158,"High school diploma or equivalent",NA,NA,15.75,31.3,126
"57","43-4171","Receptionists & Information Clerks",149,"High school diploma or equivalent","Business","leg",11.03,15.43,119
"58","43-4171","Receptionists & Information Clerks",149,"High school diploma or equivalent","Logistics","pro",11.03,15.43,119
"59","15-1121","Computer Systems Analysts",148,"Bachelor's degree","Food","corp",25.43,41.27,118
"60","15-1121","Computer Systems Analysts",148,"Bachelor's degree","Healthcare","admi",25.43,41.27,118
"61","15-1121","Computer Systems Analysts",148,"Bachelor's degree","IT","informationSupport",25.43,41.27,118
"62","13-1161","Market Research Analysts & Marketing Specialists",147,"Bachelor's degree","Business","adv",18.71,33.43,118
"63","13-1161","Market Research Analysts & Marketing Specialists",147,"Bachelor's degree","Food","hosp",18.71,33.43,118
"64","13-1161","Market Research Analysts & Marketing Specialists",147,"Bachelor's degree","Healthcare","admi",18.71,33.43,118
"65","29-2099","Health Technologists & Technicians All Other",145,"High school diploma or equivalent","Healthcare","dire",17.88,29.29,116
"66","41-9011","Demonstrators & Product Promoters",145,"High school diploma or equivalent",NA,NA,10.51,14.98,116
"67","29-2052","Pharmacy Technicians",138,"High school diploma or equivalent","Healthcare","diag",11.88,17.34,110
"68","39-9021","Personal Care Aides",138,"No formal educational credential","Healthcare","diag",9.27,11.49,110
"69","27-2022","Coaches & Scouts",134,"Bachelor's degree",NA,NA,9.63,16.87,107
"70","37-2011","Janitors & Cleaners Except Maids & Housekeeping Cleaners",133,"No formal educational credential","Food","hosp",9.21,13.66,106
"71","11-9051","Food Service Managers",132,"High school diploma or equivalent","Food","rest",16.91,23.89,106
"72","51-9061","Inspectors Testers Sorters Samplers & Weighers",132,"High school diploma or equivalent","Manufacturing","qual",12.94,24.59,106
"73","53-6031","Automotive & Watercraft Service Attendants",126,"No formal educational credential",NA,NA,10.01,14.37,101
"74","13-2051","Financial Analysts",120,"Bachelor's degree","Food","corp",26.13,45.16,96
"75","13-2051","Financial Analysts",120,"Bachelor's degree","Healthcare","admi",26.13,45.16,96
"76","15-1141","Database Administrators",119,"Bachelor's degree","IT","networkSystems",24.11,44.18,95
"77","35-3031","Waiters & Waitresses",117,"No formal educational credential","Food","rest",8.67,10.19,94
"78","49-1011","Supervisors of Mechanics Installers & Repairers",117,"High school diploma or equivalent",NA,NA,20.86,36.94,94
"79","29-1171","Nurse Practitioners",115,"Master's degree","Healthcare","dire",39.5,49.53,92
"80","43-5061","Production Planning & Expediting Clerks",113,"High school diploma or equivalent",NA,NA,16.72,27.04,90
"81","51-2092","Team Assemblers",107,"High school diploma or equivalent","Manufacturing","prod",12.95,24.27,86
"82","43-9061","Office Clerks General",106,"High school diploma or equivalent","Business","adv",10.9,17.68,85
"83","43-9061","Office Clerks General",106,"High school diploma or equivalent","Logistics","pro",10.9,17.68,85
"84","41-9022","Real Estate Sales Agents",105,"High school diploma or equivalent",NA,NA,13.08,19.7,84
"85","11-3051","Industrial Production Managers",104,"Bachelor's degree","Manufacturing","qual",30.37,47.39,83
"86","43-5071","Shipping Receiving & Traffic Clerks",103,"High school diploma or equivalent",NA,NA,12.2,18.75,82
"87","29-1051","Pharmacists",101,"Doctoral or professional degree","Healthcare","diag",54.29,68.29,81
"88","29-2012","Medical & Clinical Laboratory Technicians",100,"Associate's degree","Healthcare","diag",15.56,23.59,80
"89","11-3121","Human Resources Managers",97,"Bachelor's degree","Healthcare","admi",33.45,53.97,78
"90","29-1063","Internists General",97,"Doctoral or professional degree",NA,NA,80.92,115.4,78
"91","11-2021","Marketing Managers",95,"Bachelor's degree","Business","adv",34.78,61.57,76
"92","11-2021","Marketing Managers",95,"Bachelor's degree","Food","corp",34.78,61.57,76
"93","11-2021","Marketing Managers",95,"Bachelor's degree","Healthcare","admi",34.78,61.57,76
"94","17-2071","Electrical Engineers",91,"Bachelor's degree","Manufacturing","main",33.24,47.74,73
"95","17-2141","Mechanical Engineers",90,"Bachelor's degree","Logistics","ware",29.95,46.51,72
"96","17-2141","Mechanical Engineers",90,"Bachelor's degree","Manufacturing","main",29.95,46.51,72
"97","15-1134","Web Developers",87,"Associate's degree","IT","webCommunications",18.97,28.36,70
"98","53-7064","Packers & Packagers Hand",87,"No formal educational credential",NA,NA,9.64,13.34,70
"99","17-2199","Engineers All Other",86,"Bachelor's degree","Manufacturing","qual",30.16,49.49,69
"100","15-1142","Network & Computer Systems Administrators",85,"Bachelor's degree","IT","networkSystems",24.45,40.41,68
"101","17-2112","Industrial Engineers",85,"Bachelor's degree","Logistics","tran",28.87,42.07,68
"102","17-2112","Industrial Engineers",85,"Bachelor's degree","Manufacturing","prod",28.87,42.07,68
"103","43-9021","Data Entry Keyers",84,"High school diploma or equivalent",NA,NA,12.21,19.23,67
"104","11-3071","Transportation Storage & Distribution Managers",82,"High school diploma or equivalent","Logistics","tran",30.41,50.37,66
"105","29-1127","Speech-Language Pathologists",81,"Master's degree","Healthcare","dire",31.31,48.26,65
"106","33-9099","Protective Service Workers All Other",81,"High school diploma or equivalent",NA,NA,12.88,23.78,65
"107","53-7051","Industrial Truck & Tractor Operators",81,"No formal educational credential",NA,NA,13.15,18.47,65
"108","21-1012","Educational Guidance School & Vocational Counselors",79,"Master's degree",NA,NA,18.17,34.72,63
"109","41-3031","Securities Commodities & Financial Services Sales Agents",79,"Bachelor's degree",NA,NA,15.62,47.51,63
"110","43-4081","Hotel Motel & Resort Desk Clerks",76,"High school diploma or equivalent","Food","hosp",8.92,11.07,61
"111","25-2054","Special Education Teachers Secondary School",74,"Bachelor's degree",NA,NA,23.89,33.31,59
"112","41-4011","Sales Reps Wholesale & Manufacturing Technical",74,"Bachelor's degree","Logistics","ware",31.02,58.92,59
"113","43-3071","Tellers",70,"High school diploma or equivalent",NA,NA,11.37,15.57,56
"114","35-9021","Dishwashers",66,"No formal educational credential",NA,NA,8.72,10.54,53
"115","15-1143","Computer Network Architects",64,"Bachelor's degree","Healthcare","admi",28.49,53.21,51
"116","15-1143","Computer Network Architects",64,"Bachelor's degree","IT","networkSystems",28.49,53.21,51
"117","25-2011","Preschool Teachers Except Special Education",64,"Associate's degree",NA,NA,13.29,25.64,51
"118","49-9021","Heating Air Conditioning & Refrigeration Mechanics & Installers",63,"Postsecondary nondegree award",NA,NA,15.08,22.58,50
"119","39-9032","Recreation Workers",62,"High school diploma or equivalent","Food","hosp",9.24,15.88,50
"120","49-3031","Bus & Truck Mechanics & Diesel Engine Specialists",62,"High school diploma or equivalent",NA,NA,16.84,26.06,50
"121","43-3051","Payroll & Timekeeping Clerks",61,"High school diploma or equivalent",NA,NA,16.49,23.25,49
"122","49-3023","Automotive Service Technicians & Mechanics",58,"Postsecondary nondegree award",NA,NA,11.98,20.09,46
"123","29-2055","Surgical Technologists",57,"Postsecondary nondegree award","Healthcare","diag",17.78,24.05,46
"124","35-2021","Food Preparation Workers",57,"No formal educational credential",NA,NA,8.87,11.63,46
"125","29-1071","Physician Assistants",56,"Master's degree","Healthcare","dire",42.74,52.98,45
"126","41-3099","Sales Reps Services All Other",56,"High school diploma or equivalent",NA,NA,15.86,31.41,45
"127","13-1199","Business Operations Specialists All Other",55,"Bachelor's degree","Logistics","pro",22.43,38.71,44
"128","43-4061","Eligibility Interviewers Government Programs",55,"High school diploma or equivalent",NA,NA,16.02,22.13,44
"129","11-9151","Social & Community Service Managers",54,"Bachelor's degree",NA,NA,21.62,34.32,43
"130","23-2011","Paralegals & Legal Assistants",54,"Associate's degree","Business","leg",18.63,27.46,43
"131","37-1011","Supervisors of Housekeeping & Janitorial Workers",54,"High school diploma or equivalent","Food","hosp",13.95,22.04,43
"132","43-4161","Human Resources Assistants Except Payroll & Timekeeping",54,"Associate's degree",NA,NA,14.71,21.21,43
"133","47-2031","Carpenters",54,"High school diploma or equivalent",NA,NA,14.34,19.83,43
"134","47-2111","Electricians",54,"High school diploma or equivalent",NA,NA,18.8,31.29,43
"135","11-9041","Architectural & Engineering Managers",53,"Bachelor's degree",NA,NA,44.44,64.03,42
"136","21-1014","Mental Health Counselors",53,"Master's degree","Healthcare","diag",13.95,20.66,42
"137","29-1126","Respiratory Therapists",52,"Associate's degree","Healthcare","dire",21.41,28.55,42
"138","29-2053","Psychiatric Technicians",52,"Postsecondary nondegree award",NA,NA,11.79,17.64,42
"139","43-5111","Weighers Measurers Checkers & Samplers Recordkeeping",52,"High school diploma or equivalent",NA,NA,10.87,17.53,42
"140","13-1023","Purchasing Agents Except Wholesale Retail & Farm Products",51,"Bachelor's degree",NA,NA,19.25,31.55,41
"141","13-1081","Logisticians",51,"Bachelor's degree","Logistics","pro",30.21,52.41,41
"142","13-2072","Loan Officers",51,"Bachelor's degree",NA,NA,23.4,49.44,41
"143","25-3099","Teachers & Instructors All Other",51,"Bachelor's degree",NA,NA,16.09,25.86,41
"144","51-4121","Welders Cutters Solderers & Brazers",51,"High school diploma or equivalent","Manufacturing","main",15.32,22.87,41
"145","13-1141","Compensation Benefits & Job Analysis Specialists",50,"Bachelor's degree",NA,NA,22.28,34.25,40
"146","13-2052","Personal Financial Advisors",48,"Bachelor's degree","Business","fin",21.02,49.58,38
"147","11-9021","Construction Managers",47,"Bachelor's degree",NA,NA,22.46,37.34,38
"148","19-4099","Life Physical & Social Science Technicians All Other",47,"Associate's degree","Manufacturing","qual",14.14,24.94,38
"149","35-9031","Hosts & Hostesses Restaurant Lounge & Coffee Shop",47,"No formal educational credential","Food","rest",8.64,9.9,38
"150","11-2031","Public Relations & Fundraising Managers",46,"Bachelor's degree","Business","adv",27.01,50.15,37
"151","15-1131","Computer Programmers",46,"Bachelor's degree","IT","webCommunications",22.96,37.75,37
"152","27-3031","Public Relations Specialists",46,"Bachelor's degree","Business","adv",18.38,30.98,37
"153","31-1011","Home Health Aides",46,"No formal educational credential","Healthcare","diag",9.07,11.62,37
"154","29-1062","Family & General Practitioners",45,"Doctoral or professional degree","Healthcare","dire",71.59,97.79,36
"155","29-2011","Medical & Clinical Laboratory Technologists",45,"Bachelor's degree","Healthcare","diag",25.1,34.68,36
"156","13-1151","Training & Development Specialists",44,"Bachelor's degree",NA,NA,19.4,33.73,35
"157","43-3011","Bill & Account Collectors",44,"High school diploma or equivalent",NA,NA,14.21,22.4,35
"158","15-1122","Information Security Analysts",43,"Bachelor's degree","IT","networkSystems",25.74,49.71,34
"159","23-1011","Lawyers",43,"Doctoral or professional degree","Business","leg",34.06,57.89,34
"160","23-1011","Lawyers",43,"Doctoral or professional degree","Healthcare","admi",34.06,57.89,34
"161","29-2032","Diagnostic Medical Sonographers",43,"Associate's degree","Healthcare","dire",25.36,34.68,34
"162","43-9051","Mail Clerks & Mail Machine Operators Except Postal Service",43,"High school diploma or equivalent",NA,NA,11.12,16.3,34
"163","11-9033","Education Administrators Postsecondary",42,"Master's degree",NA,NA,22.14,47.24,34
"164","17-3029","Engineering Technicians Except Drafters All Other",42,"Associate's degree",NA,NA,17.18,32.95,34
"165","35-9011","Dining Room & Cafeteria Attendants & Bartender Helpers",42,"No formal educational credential",NA,NA,8.79,11.09,34
"166","39-5012","Hairdressers Hairstylists & Cosmetologists",42,"Postsecondary nondegree award",NA,NA,10.49,13.08,34
"167","41-2022","Parts Salespersons",42,"No formal educational credential",NA,NA,10.39,18.84,34
"168","11-9141","Property Real Estate & Community Association Managers",40,"High school diploma or equivalent",NA,NA,18.18,30.26,32
"169","17-2041","Chemical Engineers",40,"Bachelor's degree",NA,NA,35.66,53.48,32
"170","43-3021","Billing & Posting Clerks",40,"High school diploma or equivalent","Business","fin",14.23,19.79,32
"171","29-2034","Radiologic Technologists",39,"Associate's degree","Healthcare","diag",20.38,29.16,31
"172","31-9093","Medical Equipment Preparers",39,"High school diploma or equivalent","Healthcare","dire",12.88,16.89,31
"173","31-9097","Phlebotomists",39,"Postsecondary nondegree award","Healthcare","diag",12.44,17.83,31
"174","53-6021","Parking Lot Attendants",39,"No formal educational credential","Food","hosp",8.73,11,31
"175","19-3031","Clinical Counseling & School Psychologists",38,"Doctoral or professional degree",NA,NA,25.72,35.18,30
"176","29-2041","Emergency Medical Technicians & Paramedics",38,"Postsecondary nondegree award","Healthcare","dire",11.65,18.68,30
"177","17-2051","Civil Engineers",37,"Bachelor's degree",NA,NA,27.35,44.61,30
"178","51-5112","Printing Press Operators",37,"High school diploma or equivalent",NA,NA,14.22,22.19,30
"179","51-3011","Bakers",36,"No formal educational credential","Food","prod",9.5,14.16,29
"180","53-1021","Supervisors of Helpers Laborers & Material Movers Hand",36,"High school diploma or equivalent","Logistics","ware",18.29,31.63,29
"181","11-3061","Purchasing Managers",35,"Bachelor's degree","Logistics","pro",34.1,57.35,28
"182","13-1121","Meeting Convention & Event Planners",35,"Bachelor's degree",NA,NA,14.99,23.67,28
"183","17-3023","Electrical & Electronics Engineering Technicians",34,"Associate's degree",NA,NA,15.81,31.43,27
"184","21-1029","Social Workers All Other",34,"Bachelor's degree",NA,NA,15.19,34.5,27
"185","43-6011","Executive Secretaries & Executive Administrative Assistants",34,"High school diploma or equivalent","Business","adv",17.98,25.95,27
"186","43-6011","Executive Secretaries & Executive Administrative Assistants",34,"High school diploma or equivalent","Healthcare","admi",17.98,25.95,27
"187","51-9012","Separating Filtering Clarifying Precipitating & Still Machine Setters Operators & Tenders",34,"High school diploma or equivalent","Manufacturing","prod",17.18,27.92,27
"188","11-1011","Chief Executives",33,"Bachelor's degree",NA,NA,51.37,101.82,26
"189","25-2022","Middle School Teachers Except Special & CTE",33,"Bachelor's degree",NA,NA,23.31,33.07,26
"190","31-2021","Physical Therapist Assistants",33,"Associate's degree","Healthcare","dire",22.62,32.09,26
"191","31-9094","Medical Transcriptionists",33,"Postsecondary nondegree award","Healthcare","admi",15.5,21.26,26
"192","41-1012","Supervisors of Non-Retail Sales Workers",33,"High school diploma or equivalent",NA,NA,20.42,38.67,26
"193","11-3011","Administrative Services Managers",32,"Bachelor's degree","Healthcare","admi",26.23,46.4,26
"194","13-1031","Claims Adjusters Examiners & Investigators",32,"High school diploma or equivalent",NA,NA,20.05,33.67,26
"195","13-2099","Financial Specialists All Other",32,"Bachelor's degree","Healthcare","admi",21.45,36.03,26
"196","21-1091","Health Educators",32,"Bachelor's degree",NA,NA,20.16,34.85,26
"197","43-9199","Office & Administrative Support Workers All Other",32,"High school diploma or equivalent",NA,NA,13.18,21.21,26
"198","51-6011","Laundry & Dry-Cleaning Workers",32,"No formal educational credential",NA,NA,9.09,11.73,26
"199","29-1031","Dietitians & Nutritionists",30,"Bachelor's degree","Healthcare","diag",23.13,30.36,24
"200","49-2097","Electronic Home Entertainment Equipment Installers & Repairers",30,"Postsecondary nondegree award",NA,NA,14.3,22.1,24
"201","51-4031","Cutting Punching & Press Machine Setters Operators & Tenders Metal & Plastic",30,"High school diploma or equivalent",NA,NA,15.65,29.13,24
"202","13-1041","Compliance Officers",29,"Bachelor's degree",NA,NA,20.53,34.59,23
"203","25-9041","Teacher Assistants",29,"Some college no degree",NA,NA,11.73,17.36,23
"204","43-9111","Statistical Assistants",29,"Bachelor's degree",NA,NA,15.59,21.24,23
"205","47-2152","Plumbers Pipefitters & Steamfitters",29,"High school diploma or equivalent","Manufacturing","prod",15.89,30.02,23
"206","11-9032","Education Administrators Elementary & Secondary School",28,"Master's degree",NA,NA,38.29,53.22,22
"207","15-2011","Actuaries",27,"Bachelor's degree",NA,NA,32.28,57.84,22
"208","29-1064","Obstetricians & Gynecologists",27,"Doctoral or professional degree","Healthcare","dire",90.63,130.59,22
"209","29-2031","Cardiovascular Technologists & Technicians",27,"Associate's degree","Healthcare","dire",16.89,34.02,22
"210","35-2015","Cooks Short Order",27,"No formal educational credential",NA,NA,8.98,11.39,22
"211","37-3011","Landscaping & Groundskeeping Workers",27,"No formal educational credential",NA,NA,10.2,13.53,22
"212","47-2061","Construction Laborers",27,"No formal educational credential",NA,NA,13.02,18.7,22
"213","11-9081","Lodging Managers",26,"High school diploma or equivalent",NA,NA,15.43,24.96,21
"214","27-1024","Graphic Designers",26,"Bachelor's degree","Business","adv",15.84,24.49,21
"215","27-1024","Graphic Designers",26,"Bachelor's degree","IT","webCommunications",15.84,24.49,21
"216","29-1122","Occupational Therapists",26,"Master's degree","Healthcare","dire",33.03,45.6,21
"217","35-1011","Chefs & Head Cooks",26,"High school diploma or equivalent","Food","rest",14.48,21.5,21
"218","49-9041","Industrial Machinery Mechanics",26,"High school diploma or equivalent","Manufacturing","main",18.94,27.99,21
"219","49-9098","Helpers--Installation Maintenance & Repair Workers",26,"High school diploma or equivalent",NA,NA,10.54,16.88,21
"220","13-2082","Tax Preparers",25,"High school diploma or equivalent",NA,NA,14.82,28.1,20
"221","21-1093","Social & Human Service Assistants",25,"High school diploma or equivalent","Healthcare","diag",10.86,16.6,20
"222","29-1066","Psychiatrists",25,"Doctoral or professional degree",NA,NA,83.44,110.86,20
"223","35-3041","Food Servers Nonrestaurant",25,"No formal educational credential",NA,NA,8.83,11.53,20
"224","39-9041","Residential Advisors",25,"High school diploma or equivalent",NA,NA,9.16,12.08,20
"225","41-9099","Sales & Related Workers All Other",25,"High school diploma or equivalent",NA,NA,12.04,17.75,20
"226","17-1011","Architects Except Landscape & Naval",24,"Bachelor's degree",NA,NA,24.74,38.06,19
"227","31-9095","Pharmacy Aides",24,"High school diploma or equivalent","Healthcare","diag",9.09,11.23,19
"228","35-3011","Bartenders",24,"No formal educational credential","Food","rest",8.69,10.22,19
"229","35-3022","Counter Attendants Cafeteria Food Concession & Coffee Shop",24,"No formal educational credential",NA,NA,8.76,10.66,19
"230","43-5032","Dispatchers Except Police Fire & Ambulance",24,"High school diploma or equivalent",NA,NA,14.49,23.46,19
"231","51-3021","Butchers & Meat Cutters",24,"No formal educational credential",NA,NA,12.65,18.69,19
"232","53-1031","Supervisors of Transportation & Material-Moving Machine & Vehicle Operators",24,"High school diploma or equivalent",NA,NA,21.42,34.69,19
"233","11-3131","Training & Development Managers",23,"Bachelor's degree",NA,NA,33.07,53.6,18
"234","19-1042","Medical Scientists Except Epidemiologists",23,"Doctoral or professional degree",NA,NA,20.26,28.79,18
"235","43-6012","Legal Secretaries",23,"High school diploma or equivalent","Business","leg",14.58,21.69,18
"236","15-2031","Operations Research Analysts",22,"Bachelor's degree","IT","informationSupport",27.35,39.3,18
"237","25-2031","Secondary School Teachers Except Special & CTE",22,"Bachelor's degree",NA,NA,23.19,33.68,18
"238","29-1061","Anesthesiologists",22,"Doctoral or professional degree",NA,NA,95.24,136.58,18
"239","43-9041","Insurance Claims & Policy Processing Clerks",22,"High school diploma or equivalent",NA,NA,13.51,18.48,18
"240","49-9051","Electrical Power-Line Installers & Repairers",22,"High school diploma or equivalent",NA,NA,20.86,30.43,18
"241","25-1194",NA,21,NA,NA,NA,0,0,17
"242","33-9092","Lifeguards Ski Patrol & Other Recreational Protective Service Workers",21,"No formal educational credential",NA,NA,8.63,9.96,17
"243","41-2021","Counter & Rental Clerks",21,"No formal educational credential",NA,NA,8.89,13.8,17
"244","43-3061","Procurement Clerks",21,"High school diploma or equivalent","Logistics","pro",15.85,22.75,17
"245","51-9198","Helpers--Production Workers",21,"No formal educational credential",NA,NA,10.22,14.4,17
"246","13-1051","Cost Estimators",20,"Bachelor's degree","Manufacturing","proc",22.14,36.78,16
"247","21-2011","Clergy",20,"Bachelor's degree",NA,NA,17.11,25.75,16
"248","31-9091","Dental Assistants",20,"Postsecondary nondegree award","Healthcare","diag",14.85,21.25,16
"249","39-9031","Fitness Trainers & Aerobics Instructors",20,"High school diploma or equivalent",NA,NA,10.76,19.22,16
"250","49-2098","Security & Fire Alarm Systems Installers",20,"High school diploma or equivalent",NA,NA,15.05,21.77,16
"251","49-9031","Home Appliance Repairers",20,"High school diploma or equivalent",NA,NA,11.72,16.89,16
"252","11-3021","Computer & Information Systems Managers",19,"Bachelor's degree","Healthcare","admi",40.24,65.5,15
"253","11-3021","Computer & Information Systems Managers",19,"Bachelor's degree","IT","informationSupport",40.24,65.5,15
"254","37-2021","Pest Control Workers",19,"High school diploma or equivalent",NA,NA,11.5,15.83,15
"255","43-4131","Loan Interviewers & Clerks",19,"High school diploma or equivalent",NA,NA,13.22,20.53,15
"256","53-7061","Cleaners of Vehicles & Equipment",19,"No formal educational credential",NA,NA,9.24,12.82,15
"257","17-3019","Drafters All Other",18,"Associate's degree",NA,NA,16.55,22.66,14
"258","25-1199",NA,18,NA,NA,NA,0,0,14
"259","27-3022","Reporters & Correspondents",18,"Bachelor's degree",NA,NA,14.2,28.17,14
"260","31-1015","Orderlies",18,"High school diploma or equivalent","Healthcare","dire",9.83,12.51,14
"261","33-9021","Private Detectives & Investigators",18,"High school diploma or equivalent",NA,NA,17.94,25.89,14
"262","43-4151","Order Clerks",17,"High school diploma or equivalent",NA,NA,12.53,18.82,14
"263","49-2022","Telecommunications Equipment Installers & Repairers Except Line Installers",17,"Postsecondary nondegree award",NA,NA,16.53,30.15,14
"264","49-3093","Tire Repairers & Changers",17,"High school diploma or equivalent",NA,NA,10.56,14.23,14
"265","27-1029","Designers All Other",16,"Bachelor's degree",NA,NA,16.8,27.27,13
"266","27-3041","Editors",16,"Bachelor's degree","Business","adv",17.32,28.06,13
"267","27-3043","Writers & Authors",16,"Bachelor's degree","Business","adv",14.5,20.9,13
"268","39-3093","Locker Room Coatroom & Dressing Room Attendants",16,"High school diploma or equivalent",NA,NA,9.2,12.7,13
"269","49-9052","Telecommunications Line Installers & Repairers",16,"High school diploma or equivalent",NA,NA,16.49,28.09,13
"270","11-9031","Education Administrators Preschool & Childcare Center/Program",15,"Bachelor's degree",NA,NA,15.99,24.58,12
"271","15-2041","Statisticians",15,"Master's degree",NA,NA,31.32,46.02,12
"272","17-2111","Health & Safety Engineers Except Mining Safety Engineers & Inspectors",15,"Bachelor's degree",NA,NA,25.31,39.34,12
"273","27-4021","Photographers",15,"High school diploma or equivalent","Business","adv",12.51,18.29,12
"274","31-2011","Occupational Therapy Assistants",15,"Associate's degree","Healthcare","dire",22.72,32.46,12
"275","39-2021","Nonfarm Animal Caretakers",15,"High school diploma or equivalent",NA,NA,9,12.26,12
"276","51-2011","Aircraft Structure Surfaces Rigging & Systems Assemblers",15,"High school diploma or equivalent",NA,NA,18.28,30.11,12
"277","21-1022","Healthcare Social Workers",14,"Master's degree","Healthcare","admi",17.89,26.84,11
"278","25-3021","Self-Enrichment Education Teachers",14,"High school diploma or equivalent",NA,NA,13,18.93,11
"279","27-2012","Producers & Directors",14,"Bachelor's degree",NA,NA,17.81,30.63,11
"280","29-1021","Dentists General",14,"Doctoral or professional degree","Healthcare","diag",59.6,85.51,11
"281","29-1067","Surgeons",14,"Doctoral or professional degree","Healthcare","dire",101,138.54,11
"282","29-2021","Dental Hygienists",14,"Associate's degree","Healthcare","diag",27.56,35.11,11
"283","29-9011","Occupational Health & Safety Specialists",14,"Bachelor's degree",NA,NA,23.7,42.68,11
"284","43-5021","Couriers & Messengers",14,"High school diploma or equivalent",NA,NA,9.97,13.38,11
"285","49-2092","Electric Motor Power Tool & Related Repairers",14,"Postsecondary nondegree award",NA,NA,15.36,22.19,11
"286","11-3111","Compensation & Benefits Managers",13,"Bachelor's degree",NA,NA,34.43,63.59,10
"287","13-2041","Credit Analysts",13,"Bachelor's degree","Business","fin",25.4,50.93,10
"288","25-2059","Special Education Teachers All Other",13,"Bachelor's degree",NA,NA,19.36,30.28,10
"289","27-3091","Interpreters & Translators",13,"Bachelor's degree",NA,NA,19.21,27.25,10
"290","29-1151","Nurse Anesthetists",13,"Master's degree","Healthcare","dire",68.48,98.9,10
"291","29-9091","Athletic Trainers",13,"Bachelor's degree",NA,NA,17.19,25.24,10
"292","41-3011","Advertising Sales Agents",13,"High school diploma or equivalent",NA,NA,15.71,30.98,10
"293","49-3042","Mobile Heavy Equipment Mechanics Except Engines",13,"High school diploma or equivalent",NA,NA,18.05,25.84,10
"294","53-3041","Taxi Drivers & Chauffeurs",13,"No formal educational credential",NA,NA,9.07,11.59,10
"295","17-3013","Mechanical Drafters",12,"Associate's degree","Manufacturing","proc",18.61,26.7,10
"296","21-1013","Marriage & Family Therapists",12,"Master's degree",NA,NA,11.62,20.7,10
"297","25-9031","Instructional Coordinators",12,"Master's degree",NA,NA,21.6,36.22,10
"298","27-1025","Interior Designers",12,"Bachelor's degree",NA,NA,18.46,29.79,10
"299","29-1125","Recreational Therapists",12,"Bachelor's degree",NA,NA,16.35,24,10
"300","31-9099","Healthcare Support Workers All Other",12,"High school diploma or equivalent","Healthcare","dire",11.57,18.46,10
"301","33-1099","Supervisors of Protective Service Workers All Other",12,"High school diploma or equivalent",NA,NA,13.39,23.15,10
"302","41-3041","Travel Agents",12,"High school diploma or equivalent",NA,NA,10.84,17.83,10
"303","49-3021","Automotive Body & Related Repairers",12,"High school diploma or equivalent",NA,NA,16.22,25.52,10
"304","49-9012","Control & Valve Installers & Repairers Except Mechanical Door",12,"High school diploma or equivalent",NA,NA,15.72,27.88,10
"305","49-9099","Installation Maintenance & Repair Workers All Other",12,"High school diploma or equivalent",NA,NA,11.67,19.06,10
"306","51-4041","Machinists",12,"High school diploma or equivalent","Manufacturing","prod",16.96,26.37,10
"307","51-9111","Packaging & Filling Machine Operators & Tenders",12,"High school diploma or equivalent",NA,NA,11.56,17.96,10
"308","15-1152","Computer Network Support Specialists",11,"Associate's degree","IT","networkSystems",19.26,29.95,9
"309","21-1019","Counselors All Other",11,"Master's degree",NA,NA,14.59,25.69,9
"310","31-2012","Occupational Therapy Aides",11,"High school diploma or equivalent",NA,NA,10.81,16.59,9
"311","41-9031","Sales Engineers",11,"Bachelor's degree","Manufacturing","proc",23.76,40.69,9
"312","41-9041","Telemarketers",11,"No formal educational credential",NA,NA,10,13.59,9
"313","11-9121","Natural Sciences Managers",10,"Bachelor's degree",NA,NA,40.16,64.7,8
"314","27-3042","Technical Writers",10,"Bachelor's degree","Business","adv",23.16,35.28,8
"315","27-4012","Broadcast Technicians",10,"Associate's degree",NA,NA,9.24,20.62,8
"316","39-1021","Supervisors of Personal Service Workers",10,"High school diploma or equivalent",NA,NA,11.88,18.34,8
"317","43-2021","Telephone Operators",10,"High school diploma or equivalent",NA,NA,11.89,21.47,8
"318","43-4071","File Clerks",10,"High school diploma or equivalent","Logistics","pro",10.06,15.03,8
"319","49-3011","Aircraft Mechanics & Service Technicians",10,"Postsecondary nondegree award","Logistics","tran",28.59,56.27,8
"320","49-9062","Medical Equipment Repairers",10,"Associate's degree",NA,NA,13.55,24.44,8
"321","53-2012","Commercial Pilots",10,"High school diploma or equivalent",NA,NA,22,43.04,8
"322","19-3022","Survey Researchers",9,"Master's degree",NA,NA,18.94,38.41,7
"323","19-4092","Forensic Science Technicians",9,"Bachelor's degree",NA,NA,20.87,31.34,7
"324","29-1081","Podiatrists",9,"Doctoral or professional degree",NA,NA,36.93,80.42,7
"325","29-2035","Magnetic Resonance Imaging Technologists",9,"Associate's degree",NA,NA,26.09,34.72,7
"326","47-1011","Supervisors of Construction Trades & Extraction Workers",9,"High school diploma or equivalent",NA,NA,20.73,31.91,7
"327","49-2011","Computer Automated Teller & Office Machine Repairers",9,"Some college no degree","IT","informationSupport",11.68,18.63,7
"328","51-4011","Computer-Controlled Machine Tool Operators Metal & Plastic",9,"High school diploma or equivalent","Manufacturing","prod",13.91,20.47,7
"329","53-7021","Crane & Tower Operators",9,"High school diploma or equivalent",NA,NA,16.25,30.27,7
"330","53-7199","Material Moving Workers All Other",9,"No formal educational credential",NA,NA,13.32,24.22,7
"331","13-2053","Insurance Underwriters",8,"Bachelor's degree",NA,NA,20.71,34.54,6
"332","17-2081","Environmental Engineers",8,"Bachelor's degree",NA,NA,27.56,40.05,6
"333","19-4031","Chemical Technicians",8,"Associate's degree",NA,NA,14.3,29.87,6
"334","19-4041","Geological & Petroleum Technicians",8,"Associate's degree",NA,NA,18.63,35.06,6
"335","21-1023","Mental Health & Substance Abuse Social Workers",8,"Bachelor's degree",NA,NA,15.62,22.81,6
"336","25-1071",NA,8,NA,NA,NA,0,0,6
"337","25-1072",NA,8,NA,NA,NA,0,0,6
"338","25-1123",NA,8,NA,NA,NA,0,0,6
"339","27-4011","Audio & Video Equipment Technicians",8,"Postsecondary nondegree award","Business","adv",16.22,23.75,6
"340","33-3021","Detectives & Criminal Investigators",8,"High school diploma or equivalent",NA,NA,20.49,48.69,6
"341","33-3051","Police & Sheriff's Patrol Officers",8,"High school diploma or equivalent",NA,NA,18.66,26.51,6
"342","43-5011","Cargo & Freight Agents",8,"High school diploma or equivalent","Logistics","tran",16.3,29.32,6
"343","47-2141","Painters Construction & Maintenance",8,"No formal educational credential",NA,NA,14.01,17.93,6
"344","49-2094","Electrical & Electronics Repairers Commercial & Industrial Equipment",8,"Postsecondary nondegree award",NA,NA,18.97,28.95,6
"345","51-4111","Tool & Die Makers",8,"High school diploma or equivalent",NA,NA,20.87,30.55,6
"346","51-6031","Sewing Machine Operators",8,"No formal educational credential",NA,NA,10.48,15.47,6
"347","51-9032","Cutting & Slicing Machine Setters Operators & Tenders",8,"High school diploma or equivalent",NA,NA,13.36,19.4,6
"348","11-9161","Emergency Management Directors",7,"Bachelor's degree",NA,NA,14.13,24.84,6
"349","17-2131","Materials Engineers",7,"Bachelor's degree",NA,NA,30.73,49.68,6
"350","21-1011","Substance Abuse & Behavioral Disorder Counselors",7,"Bachelor's degree",NA,NA,12.5,18.39,6
"351","21-1021","Child Family & School Social Workers",7,"Bachelor's degree",NA,NA,14.46,20.8,6
"352","27-1022","Fashion Designers",7,"Bachelor's degree",NA,NA,20.28,33.13,6
"353","29-1131","Veterinarians",7,"Doctoral or professional degree",NA,NA,31.01,45.92,6
"354","29-1199","Health Diagnosing & Treating Practitioners All Other",7,"Master's degree",NA,NA,25.88,39.01,6
"355","31-9096","Veterinary Assistants & Laboratory Animal Caretakers",7,"High school diploma or equivalent",NA,NA,9.14,12.65,6
"356","39-6012","Concierges",7,"High school diploma or equivalent",NA,NA,9.34,12.94,6
"357","43-9011","Computer Operators",7,"High school diploma or equivalent",NA,NA,16.16,24.38,6
"358","47-5071","Roustabouts Oil & Gas",7,"No formal educational credential",NA,NA,12.18,18.33,6
"359","55-1019",NA,7,NA,NA,NA,0,0,6
"360","13-2071","Credit Counselors",6,"Bachelor's degree",NA,NA,17.11,25.45,5
"361","15-1111","Computer & Information Research Scientists",6,"Doctoral or professional degree",NA,NA,32.25,49.94,5
"362","17-3022","Civil Engineering Technicians",6,"Associate's degree",NA,NA,16.27,25.34,5
"363","19-2031","Chemists",6,"Bachelor's degree",NA,NA,25.25,41.38,5
"364","19-2041","Environmental Scientists & Specialists Including Health",6,"Bachelor's degree",NA,NA,22.16,34.88,5
"365","19-4091","Environmental Science & Protection Technicians Including Health",6,"Associate's degree",NA,NA,17.7,32.01,5
"366","25-1011",NA,6,NA,NA,NA,0,0,5
"367","25-2053","Special Education Teachers Middle School",6,"Bachelor's degree",NA,NA,22.18,31.17,5
"368","29-1124","Radiation Therapists",6,"Associate's degree",NA,NA,34.6,48.56,5
"369","29-2051","Dietetic Technicians",6,"Associate's degree",NA,NA,11.09,14.78,5
"370","29-2092","Hearing Aid Specialists",6,"High school diploma or equivalent",NA,NA,19.56,34.09,5
"371","31-9011","Massage Therapists",6,"Postsecondary nondegree award",NA,NA,14.19,20.77,5
"372","33-9093","Transportation Security Screeners",6,"High school diploma or equivalent",NA,NA,17.9,20.21,5
"373","37-3012","Pesticide Handlers Sprayers & Applicators Vegetation",6,"High school diploma or equivalent",NA,NA,13.59,16.7,5
"374","47-2073","Operating Engineers & Other Construction Equipment Operators",6,"High school diploma or equivalent",NA,NA,16.78,26.83,5
"375","47-2081","Drywall & Ceiling Tile Installers",6,"No formal educational credential",NA,NA,13.33,20.44,5
"376","47-2181","Roofers",6,"No formal educational credential",NA,NA,13.5,17.46,5
"377","49-3091","Bicycle Repairers",6,"High school diploma or equivalent",NA,NA,10.84,15.12,5
"378","51-7011","Cabinetmakers & Bench Carpenters",6,"High school diploma or equivalent",NA,NA,12.91,20.55,5
"379","13-1022","Wholesale & Retail Buyers Except Farm Products",5,"Bachelor's degree","Logistics","pro",18.89,33.5,4
"380","13-2021","Appraisers & Assessors of Real Estate",5,"Bachelor's degree",NA,NA,17.14,33.91,4
"381","19-1022","Microbiologists",5,"Bachelor's degree",NA,NA,22.12,35.44,4
"382","23-2093","Title Examiners Abstractors & Searchers",5,"High school diploma or equivalent",NA,NA,16.98,20.64,4
"383","25-1122",NA,5,NA,NA,NA,0,0,4
"384","27-1021","Commercial & Industrial Designers",5,"Bachelor's degree",NA,NA,24.25,39.07,4
"385","27-2041","Music Directors & Composers",5,"Bachelor's degree",NA,NA,10.51,22.91,4
"386","27-3011","Radio & Television Announcers",5,"Bachelor's degree",NA,NA,10.92,17.34,4
"387","29-2057","Ophthalmic Medical Technicians",5,"Postsecondary nondegree award","Healthcare","diag",16.89,22.61,4
"388","31-2022","Physical Therapist Aides",5,"High school diploma or equivalent",NA,NA,10.33,17.01,4
"389","33-3012","Correctional Officers & Jailers",5,"High school diploma or equivalent",NA,NA,12.41,18.94,4
"390","35-2012","Cooks Institution & Cafeteria",5,"No formal educational credential","Healthcare","diag",10.7,14.56,4
"391","43-2011","Switchboard Operators Including Answering Service",5,"High school diploma or equivalent","Food","corp",10.04,15.09,4
"392","43-2011","Switchboard Operators Including Answering Service",5,"High school diploma or equivalent","Healthcare","admi",10.04,15.09,4
"393","47-2211","Sheet Metal Workers",5,"High school diploma or equivalent",NA,NA,16.88,28.16,4
"394","47-4011","Construction & Building Inspectors",5,"High school diploma or equivalent",NA,NA,19.8,28.94,4
"395","51-2022","Electrical & Electronic Equipment Assemblers",5,"High school diploma or equivalent","Manufacturing","prod",10.45,16.14,4
"396","51-5111","Prepress Technicians & Workers",5,"Postsecondary nondegree award",NA,NA,15.18,23.85,4
"397","51-5113","Print Binding & Finishing Workers",5,"High school diploma or equivalent",NA,NA,11.68,20.17,4
"398","51-6042","Shoe Machine Operators & Tenders",5,"High school diploma or equivalent",NA,NA,0,0,4
"399","51-8092","Gas Plant Operators",5,"High school diploma or equivalent",NA,NA,31.19,42.16,4
"400","51-9023","Mixing & Blending Machine Setters Operators & Tenders",5,"High school diploma or equivalent",NA,NA,14.35,21.32,4
"401","51-9151","Photographic Process Workers & Processing Machine Operators",5,"High school diploma or equivalent",NA,NA,12.56,16.33,4
"402","53-2021","Air Traffic Controllers",5,"Associate's degree",NA,NA,46.52,76.65,4
"403","53-3099","Motor Vehicle Operators All Other",5,"No formal educational credential",NA,NA,11.73,21.34,4
"404","53-5011","Sailors & Marine Oilers",5,"No formal educational credential",NA,NA,16.18,27.95,4
"405","55-3019",NA,5,NA,NA,NA,0,0,4
"406","13-1131","Fundraisers",4,"Bachelor's degree","Business","adv",16.57,29.04,3
"407","17-3011","Architectural & Civil Drafters",4,"Associate's degree",NA,NA,18.19,28.95,3
"408","17-3031","Surveying & Mapping Technicians",4,"High school diploma or equivalent",NA,NA,16.01,23.65,3
"409","19-3051","Urban & Regional Planners",4,"Master's degree",NA,NA,15.05,26.56,3
"410","23-1012","Judicial Law Clerks",4,"Doctoral or professional degree",NA,NA,0,0,3
"411","25-1081",NA,4,NA,NA,NA,0,0,3
"412","25-2012","Kindergarten Teachers Except Special Education",4,"Bachelor's degree",NA,NA,23.96,33.31,3
"413","25-4021","Librarians",4,"Master's degree",NA,NA,22.93,34.87,3
"414","27-1011","Art Directors",4,"Bachelor's degree",NA,NA,22.41,33.83,3
"415","27-4014","Sound Engineering Technicians",4,"Postsecondary nondegree award",NA,NA,16.21,28.46,3
"416","27-4031","Camera Operators Television Video & Motion Picture",4,"Bachelor's degree","Business","adv",13.5,18.41,3
"417","29-1041","Optometrists",4,"Doctoral or professional degree","Healthcare","diag",43.75,61.32,3
"418","29-1128","Exercise Physiologists",4,"Bachelor's degree",NA,NA,19.66,25.54,3
"419","29-1181","Audiologists",4,"Doctoral or professional degree","Healthcare","dire",26.65,33.1,3
"420","39-1011","GamingSupervisors",4,"High school diploma or equivalent",NA,NA,21.34,29.12,3
"421","39-2011","Animal Trainers",4,"High school diploma or equivalent",NA,NA,12.01,18.26,3
"422","39-3091","Amusement & Recreation Attendants",4,"No formal educational credential",NA,NA,8.66,9.87,3
"423","39-6011","Baggage Porters & Bellhops",4,"High school diploma or equivalent",NA,NA,8.74,10.29,3
"424","43-4011","Brokerage Clerks",4,"High school diploma or equivalent",NA,NA,16.17,21.95,3
"425","43-4111","Interviewers Except Eligibility & Loan",4,"High school diploma or equivalent",NA,NA,12.92,18.03,3
"426","45-2092","Farmworkers & Laborers Crop Nursery & Greenhouse",4,"No formal educational credential",NA,NA,10.48,15.45,3
"427","45-4029","Logging Workers All Other",4,"High school diploma or equivalent",NA,NA,0,0,3
"428","47-2221","Structural Iron & Steel Workers",4,"High school diploma or equivalent",NA,NA,16.67,26.79,3
"429","51-6064","Textile Winding Twisting & Drawing Out Machine Setters Operators & Tenders",4,"High school diploma or equivalent",NA,NA,10.28,13.74,3
"430","51-7041","Sawing Machine Setters Operators & Tenders Wood",4,"High school diploma or equivalent",NA,NA,10.37,14.51,3
"431","51-8093","Petroleum Pump System Operators Refinery Operators & Gaugers",4,"High school diploma or equivalent",NA,NA,27.47,40.64,3
"432","51-9081","Dental Laboratory Technicians",4,"High school diploma or equivalent",NA,NA,12.69,22,3
"433","51-9197","Tire Builders",4,"High school diploma or equivalent",NA,NA,14.56,23.26,3
"434","11-9013","Farmers Ranchers & Other Agricultural Managers",3,"High school diploma or equivalent",NA,NA,9.22,11.84,2
"435","11-9039","Education Administrators All Other",3,"Bachelor's degree",NA,NA,27.4,39.76,2
"436","13-2031","Budget Analysts",3,"Bachelor's degree","Business","fin",25.96,39.25,2
"437","15-1133","Software Developers Systems Software",3,"Bachelor's degree","IT","programmingSoftware",34.65,48.56,2
"438","17-3012","Electrical & Electronics Drafters",3,"Associate's degree",NA,NA,23,37.44,2
"439","17-3026","Industrial Engineering Technicians",3,"Associate's degree",NA,NA,19.53,32.35,2
"440","17-3027","Mechanical Engineering Technicians",3,"Associate's degree",NA,NA,16.89,25.08,2
"441","19-1013","Soil & Plant Scientists",3,"Bachelor's degree",NA,NA,20.66,31.31,2
"442","19-1023","Zoologists & Wildlife Biologists",3,"Bachelor's degree",NA,NA,15.72,21.62,2
"443","19-3039","Psychologists All Other",3,"Master's degree",NA,NA,33.13,44.81,2
"444","21-1094","Community Health Workers",3,"High school diploma or equivalent",NA,NA,14.55,23.67,2
"445","21-1099","Community & Social Service Specialists All Other",3,"Master's degree",NA,NA,13.91,20.21,2
"446","21-2021","Directors Religious Activities & Education",3,"Bachelor's degree",NA,NA,17.3,33.51,2
"447","25-1022",NA,3,NA,NA,NA,0,0,2
"448","25-1111",NA,3,NA,NA,NA,0,0,2
"449","25-2021","Elementary School Teachers Except Special Education",3,"Bachelor's degree",NA,NA,23.4,33.4,2
"450","25-9021","Farm & Home Management Advisors",3,"Master's degree",NA,NA,21.64,31.63,2
"451","27-1014","Multimedia Artists & Animators",3,"Bachelor's degree","Business","adv",13.71,21.95,2
"452","27-2023","Umpires Referees & Other Sports Officials",3,"High school diploma or equivalent",NA,NA,10.79,25.3,2
"453","29-9012","Occupational Health & Safety Technicians",3,"High school diploma or equivalent",NA,NA,15.51,25.59,2
"454","41-9091","Door-to-Door Sales Workers News & Street Vendors & Related Workers",3,"No formal educational credential",NA,NA,8.08,9.74,2
"455","43-4031","Court Municipal & License Clerks",3,"High school diploma or equivalent",NA,NA,13.84,18.51,2
"456","43-5041","Meter Readers Utilities",3,"High school diploma or equivalent",NA,NA,10.44,19.17,2
"457","43-5053","Postal Service Mail Sorters Processors & Processing Machine Operators",3,"High school diploma or equivalent",NA,NA,21.8,27.84,2
"458","45-4023","Log Graders & Scalers",3,"High school diploma or equivalent",NA,NA,0,0,2
"459","47-2051","Cement Masons & Concrete Finishers",3,"No formal educational credential",NA,NA,14.08,20.36,2
"460","47-2121","Glaziers",3,"High school diploma or equivalent",NA,NA,14.41,21.39,2
"461","47-4031","Fence Erectors",3,"No formal educational credential",NA,NA,11.98,15.18,2
"462","47-4041","Hazardous Materials Removal Workers",3,"High school diploma or equivalent",NA,NA,12.26,20.76,2
"463","47-4099","Construction & Related Workers All Other",3,"High school diploma or equivalent",NA,NA,14.37,17.9,2
"464","51-3092","Food Batchmakers",3,"High school diploma or equivalent",NA,NA,10.57,16.48,2
"465","51-4021","Extruding & Drawing Machine Setters Operators & Tenders Metal & Plastic",3,"High school diploma or equivalent","Manufacturing","prod",11.96,21.25,2
"466","51-4033","Grinding Lapping Polishing & Buffing Machine Tool Setters Operators & Tenders Metal & Plastic",3,"High school diploma or equivalent",NA,NA,11.16,17.91,2
"467","51-8013","Power Plant Operators",3,"High school diploma or equivalent",NA,NA,29.35,41.17,2
"468","51-9021","Crushing Grinding & Polishing Machine Setters Operators & Tenders",3,"High school diploma or equivalent",NA,NA,11.38,19.55,2
"469","51-9195","Molders Shapers & Casters Except Metal & Plastic",3,"High school diploma or equivalent",NA,NA,10.15,14.6,2
"470","53-2022","Airfield Operations Specialists",3,"High school diploma or equivalent",NA,NA,24.44,44.34,2
"471","53-5021","Captains Mates & Pilots of Water Vessels",3,"Postsecondary nondegree award",NA,NA,32.45,38.66,2
"472","53-6051","Transportation Inspectors",3,"High school diploma or equivalent",NA,NA,34.3,58.72,2
"473","53-7063","Machine Feeders & Offbearers",3,"No formal educational credential",NA,NA,13.55,20.39,2
"474","53-7121","Tank Car Truck & Ship Loaders",3,"No formal educational credential",NA,NA,14.78,23.37,2
"475","13-1021","Buyers & Purchasing Agents Farm Products",2,"Bachelor's degree",NA,NA,21.82,36.55,2
"476","13-1032","Insurance Appraisers Auto Damage",2,"Postsecondary nondegree award",NA,NA,19.7,27.78,2
"477","13-2061","Financial Examiners",2,"Bachelor's degree",NA,NA,22.79,36.17,2
"478","17-2061","Computer Hardware Engineers",2,"Bachelor's degree",NA,NA,23.5,47.63,2
"479","17-3024","Electro-Mechanical Technicians",2,"Associate's degree",NA,NA,15.66,24.84,2
"480","19-1012","Food Scientists & Technologists",2,"Bachelor's degree",NA,NA,22.92,40.91,2
"481","19-1020",NA,2,NA,NA,NA,0,0,2
"482","19-1029","Biological Scientists All Other",2,"Bachelor's degree",NA,NA,22.24,36.32,2
"483","19-2042","Geoscientists Except Hydrologists & Geographers",2,"Bachelor's degree",NA,NA,29.54,44.6,2
"484","19-3091","Anthropologists & Archeologists",2,"Master's degree",NA,NA,0,0,2
"485","25-1021",NA,2,NA,NA,NA,0,0,2
"486","25-1031",NA,2,NA,NA,NA,0,0,2
"487","25-1042",NA,2,NA,NA,NA,0,0,2
"488","25-1052",NA,2,NA,NA,NA,0,0,2
"489","25-2051","Special Education Teachers Preschool",2,"Bachelor's degree",NA,NA,21.04,31.26,2
"490","25-2052","Special Education Teachers Kindergarten & Elementary School",2,"Bachelor's degree",NA,NA,23.46,33.34,2
"491","25-4031","Library Technicians",2,"Postsecondary nondegree award",NA,NA,11.94,17.53,2
"492","27-1013","Fine Artists Including Painters Sculptors & Illustrators",2,"Bachelor's degree",NA,NA,7.15,10.19,2
"493","27-2042","Musicians & Singers",2,"No formal educational credential",NA,NA,21.92,37.72,2
"494","29-1024","Prosthodontists",2,"Doctoral or professional degree",NA,NA,0,0,2
"495","29-1029","Dentists All Other Specialists",2,"Doctoral or professional degree",NA,NA,64.6,87.88,2
"496","29-2056","Veterinary Technologists & Technicians",2,"Associate's degree",NA,NA,10.56,15.06,2
"497","29-9099","Healthcare Practitioners & Technical Workers All Other",2,"Postsecondary nondegree award",NA,NA,14.96,23.37,2
"498","33-1011","Supervisors of Correctional Officers",2,"High school diploma or equivalent",NA,NA,14.68,23.46,2
"499","33-1012","Supervisors of Police & Detectives",2,"High school diploma or equivalent",NA,NA,26.76,39.07,2
"500","33-1021","Supervisors of Fire Fighting & Prevention Workers",2,"Postsecondary nondegree award",NA,NA,17.03,30.92,2
"501","33-2021","Fire Inspectors & Investigators",2,"Postsecondary nondegree award",NA,NA,22.74,31.63,2
"502","39-3011","Gaming Dealers",2,"High school diploma or equivalent",NA,NA,9.19,10.9,2
"503","39-3019","Gaming Service Workers All Other",2,"High school diploma or equivalent",NA,NA,9.46,14.34,2
"504","39-3031","Ushers Lobby Attendants & Ticket Takers",2,"No formal educational credential",NA,NA,8.58,9.67,2
"505","39-7012","Travel Guides",2,"High school diploma or equivalent",NA,NA,0,0,2
"506","41-9012","Models",2,"No formal educational credential",NA,NA,12.1,18.34,2
"507","43-4121","Library Assistants Clerical",2,"High school diploma or equivalent",NA,NA,11.33,16.41,2
"508","43-5031","Police Fire & Ambulance Dispatchers",2,"High school diploma or equivalent",NA,NA,14.22,21.83,2
"509","43-5051","Postal Service Clerks",2,"High school diploma or equivalent",NA,NA,18.53,28.49,2
"510","43-9022","Word Processors & Typists",2,"High school diploma or equivalent",NA,NA,14.64,19.43,2
"511","43-9071","Office Machine Operators Except Computer",2,"High school diploma or equivalent",NA,NA,11.94,16.77,2
"512","45-1011","Supervisors of Farming Fishing & Forestry Workers",2,"High school diploma or equivalent",NA,NA,14.9,23.6,2
"513","45-2093","Farmworkers Farm Ranch & Aquacultural Animals",2,"No formal educational credential",NA,NA,10.14,14.8,2
"514","47-2071","Paving Surfacing & Tamping Equipment Operators",2,"High school diploma or equivalent",NA,NA,12.95,20.56,2
"515","47-2231","Solar Photovoltaic Installers",2,"High school diploma or equivalent",NA,NA,15.57,19,2
"516","47-4051","Highway Maintenance Workers",2,"High school diploma or equivalent",NA,NA,11.88,17.1,2
"517","49-9044","Millwrights",2,"High school diploma or equivalent",NA,NA,19.84,33.62,2
"518","51-2041","Structural Metal Fabricators & Fitters",2,"High school diploma or equivalent","Manufacturing","prod",16.66,28.33,2
"519","51-2099","Assemblers & Fabricators All Other",2,"High school diploma or equivalent","Manufacturing","prod",9.72,14.15,2
"520","51-4072","Molding Coremaking & Casting Machine Setters Operators & Tenders Metal & Plastic",2,"High school diploma or equivalent","Manufacturing","prod",11.69,19.1,2
"521","51-4191","Heat Treating Equipment Setters Operators & Tenders Metal & Plastic",2,"High school diploma or equivalent",NA,NA,14.8,19.72,2
"522","51-4199","Metal Workers & Plastic Workers All Other",2,"High school diploma or equivalent",NA,NA,10.57,17.49,2
"523","51-6099","Textile Apparel & Furnishings Workers All Other",2,"High school diploma or equivalent",NA,NA,10.27,15.52,2
"524","51-8021","Stationary Engineers & Boiler Operators",2,"High school diploma or equivalent",NA,NA,17.08,29.43,2
"525","51-9011","Chemical Equipment Operators & Tenders",2,"High school diploma or equivalent",NA,NA,17.28,29.45,2
"526","51-9041","Extruding Forming Pressing & Compacting Machine Setters Operators & Tenders",2,"High school diploma or equivalent","Manufacturing","prod",9.77,16.34,2
"527","51-9121","Coating Painting & Spraying Machine Setters Operators & Tenders",2,"High school diploma or equivalent","Manufacturing","prod",12.42,20.11,2
"528","51-9122","Painters Transportation Equipment",2,"High school diploma or equivalent",NA,NA,20.37,31.49,2
"529","53-2031","Flight Attendants",2,"High school diploma or equivalent",NA,NA,20.08,29.43,2
"530","53-3021","Bus Drivers Transit & Intercity",2,"High school diploma or equivalent",NA,NA,12.29,22.45,2
"531","53-3022","Bus Drivers School or Special Client",2,"High school diploma or equivalent",NA,NA,16.03,23.79,2
"532","53-7033","Loading Machine Operators Underground Mining",2,"No formal educational credential",NA,NA,0,0,2
"533","53-7041","Hoist & Winch Operators",2,"No formal educational credential","Logistics","ware",14.12,24.53,2
"534","53-7081","Refuse & Recyclable Material Collectors",2,"No formal educational credential",NA,NA,11.51,17.92,2
"535","55-1016",NA,2,NA,NA,NA,0,0,2
"536","55-3014",NA,2,NA,NA,NA,0,0,2
"537","11-2011","Advertising & Promotions Managers",1,"Bachelor's degree",NA,NA,24.33,40.06,1
"538","13-1075","Labor Relations Specialists",1,"Bachelor's degree",NA,NA,9.57,32.03,1
"539","17-2161","Nuclear Engineers",1,"Bachelor's degree",NA,NA,37.68,53.47,1
"540","17-2171","Petroleum Engineers",1,"Bachelor's degree",NA,NA,57.36,57.38,1
"541","19-1031","Conservation Scientists",1,"Bachelor's degree",NA,NA,25.62,40.62,1
"542","19-2011","Astronomers",1,"Doctoral or professional degree",NA,NA,0,0,1
"543","19-2012","Physicists",1,"Doctoral or professional degree",NA,NA,36.49,62.61,1
"544","19-3032","Industrial-Organizational Psychologists",1,"Master's degree",NA,NA,0,0,1
"545","21-1015","Rehabilitation Counselors",1,"Master's degree",NA,NA,11.75,17.4,1
"546","23-2099","Legal Support Workers All Other",1,"High school diploma or equivalent",NA,NA,23.16,29.42,1
"547","25-1066",NA,1,NA,NA,NA,0,0,1
"548","25-1121",NA,1,NA,NA,NA,0,0,1
"549","25-3011","Adult Basic & Secondary Education & Literacy Teachers & Instructors",1,"Bachelor's degree",NA,NA,17.21,23.57,1
"550","25-4012","Curators",1,"Master's degree",NA,NA,16.62,27.57,1
"551","25-4013","Museum Technicians & Conservators",1,"Bachelor's degree",NA,NA,0,0,1
"552","27-1027","Set & Exhibit Designers",1,"Bachelor's degree",NA,NA,16.05,26.1,1
"553","27-2011","Actors",1,"Some college no degree",NA,NA,10.54,16.02,1
"554","27-2021","Athletes & Sports Competitors",1,"No formal educational credential",NA,NA,16.77,29.38,1
"555","27-4032","Film & Video Editors",1,"Bachelor's degree","Business","adv",17.47,28.5,1
"556","29-1022","Oral & Maxillofacial Surgeons",1,"Doctoral or professional degree",NA,NA,90.79,113.84,1
"557","29-1023","Orthodontists",1,"Doctoral or professional degree","Healthcare","diag",66.52,106.98,1
"558","29-1129","Therapists All Other",1,"Bachelor's degree",NA,NA,23.94,43.84,1
"559","29-2081","Opticians Dispensing",1,"High school diploma or equivalent","Healthcare","diag",12.19,18.69,1
"560","33-2011","Firefighters",1,"Postsecondary nondegree award",NA,NA,14.62,21.92,1
"561","37-2019","Building Cleaning Workers All Other",1,"No formal educational credential",NA,NA,13.26,16.85,1
"562","37-3013","Tree Trimmers & Pruners",1,"High school diploma or equivalent",NA,NA,13.28,16.54,1
"563","39-3092","Costume Attendants",1,"High school diploma or equivalent",NA,NA,15.21,27.89,1
"564","39-5011","Barbers",1,"Postsecondary nondegree award",NA,NA,9.7,11.21,1
"565","39-5091","Makeup Artists Theatrical & Performance",1,"Postsecondary nondegree award",NA,NA,0,0,1
"566","39-9099","Personal Care & Service Workers All Other",1,"High school diploma or equivalent",NA,NA,10.4,12.7,1
"567","41-9021","Real Estate Brokers",1,"High school diploma or equivalent",NA,NA,16.55,22.72,1
"568","43-4041","Credit Authorizers Checkers & Clerks",1,"High school diploma or equivalent","Business","fin",15.95,24.08,1
"569","43-9081","Proofreaders & Copy Markers",1,"Bachelor's degree",NA,NA,14.65,20.95,1
"570","45-2041","Graders & Sorters Agricultural Products",1,"No formal educational credential",NA,NA,11.67,14.66,1
"571","45-4011","Forest & Conservation Workers",1,"High school diploma or equivalent",NA,NA,11.22,19.34,1
"572","47-2011","Boilermakers",1,"High school diploma or equivalent",NA,NA,17.42,28.09,1
"573","47-2042","Floor Layers Except Carpet Wood & Hard Tiles",1,"No formal educational credential",NA,NA,14.44,20.06,1
"574","47-2044","Tile & Marble Setters",1,"No formal educational credential",NA,NA,13.72,19.34,1
"575","47-2131","Insulation Workers Floor Ceiling & Wall",1,"No formal educational credential",NA,NA,12.47,18.07,1
"576","47-4061","Rail-Track Laying & Maintenance Equipment Operators",1,"High school diploma or equivalent",NA,NA,17.92,25.82,1
"577","49-2091","Avionics Technicians",1,"Associate's degree",NA,NA,23.29,31.72,1
"578","49-2093","Electrical & Electronics Installers & Repairers Transportation Equipment",1,"Postsecondary nondegree award",NA,NA,22.93,29.96,1
"579","49-2095","Electrical & Electronics Repairers Powerhouse Substation & Relay",1,"Postsecondary nondegree award",NA,NA,24.06,33.59,1
"580","49-2096","Electronic Equipment Installers & Repairers Motor Vehicles",1,"Postsecondary nondegree award",NA,NA,11.31,17.13,1
"581","49-3041","Farm Equipment Mechanics & Service Technicians",1,"High school diploma or equivalent",NA,NA,11.29,17.24,1
"582","49-3053","Outdoor Power Equipment & Other Small Engine Mechanics",1,"High school diploma or equivalent",NA,NA,11.32,17.34,1
"583","49-9064","Watch Repairers",1,"High school diploma or equivalent",NA,NA,11.35,15.52,1
"584","49-9081","Wind Turbine Service Technicians",1,"Some college no degree",NA,NA,0,0,1
"585","49-9091","Coin Vending & Amusement Machine Servicers & Repairers",1,"High school diploma or equivalent",NA,NA,12.63,20.79,1
"586","49-9096","Riggers",1,"High school diploma or equivalent",NA,NA,20.05,30.89,1
"587","49-9097","Signal & Track Switch Repairers",1,"High school diploma or equivalent",NA,NA,28.82,36.22,1
"588","51-3022","Meat Poultry & Fish Cutters & Trimmers",1,"No formal educational credential",NA,NA,11.85,14.3,1
"589","51-4012","Computer Numerically Controlled Machine Tool Programmers Metal & Plastic",1,"High school diploma or equivalent","Manufacturing","prod",14.12,21.97,1
"590","51-4032","Drilling & Boring Machine Tool Setters Operators & Tenders Metal & Plastic",1,"High school diploma or equivalent",NA,NA,15.46,23.08,1
"591","51-4035","Milling & Planing Machine Setters Operators & Tenders Metal & Plastic",1,"High school diploma or equivalent",NA,NA,21.42,32.66,1
"592","51-4122","Welding Soldering & Brazing Machine Setters Operators & Tenders",1,"High school diploma or equivalent",NA,NA,12.25,17.03,1
"593","51-6052","Tailors Dressmakers & Custom Sewers",1,"No formal educational credential",NA,NA,10.79,13.39,1
"594","51-6062","Textile Cutting Machine Setters Operators & Tenders",1,"High school diploma or equivalent",NA,NA,10.52,15.5,1
"595","51-8012","Power Distributors & Dispatchers",1,"High school diploma or equivalent",NA,NA,34.79,48.09,1
"596","51-9051","Furnace Kiln Oven Drier & Kettle Operators & Tenders",1,"High school diploma or equivalent",NA,NA,14.7,24.15,1
"597","51-9083","Ophthalmic Laboratory Technicians",1,"High school diploma or equivalent",NA,NA,12.05,17.46,1
"598","51-9191","Adhesive Bonding Machine Operators & Tenders",1,"High school diploma or equivalent",NA,NA,12.26,18.12,1
"599","51-9192","Cleaning Washing & Metal Pickling Equipment Operators & Tenders",1,"No formal educational credential",NA,NA,10.98,15.07,1
"600","53-1011","Aircraft Cargo HandlingSupervisors",1,"High school diploma or equivalent",NA,NA,19.52,31.99,1
"601","53-4031","Railroad Conductors & Yardmasters",1,"High school diploma or equivalent",NA,NA,26.01,37.91,1
"602","53-6041","Traffic Technicians",1,"High school diploma or equivalent",NA,NA,18.59,31.18,1
"603","53-6061","Transportation Attendants Except Flight Attendants",1,"High school diploma or equivalent",NA,NA,10.85,18.63,1
"604","11-1031","Legislators",0,"Bachelor's degree",NA,NA,9.03,23.27,0
"605","11-9061","Funeral Service Managers",0,"Associate's degree",NA,NA,22.47,34.42,0
"606","11-9071","Gaming Managers",0,"High school diploma or equivalent",NA,NA,24.05,39.68,0
"607","11-9131","Postmasters & Mail Superintendents",0,"High school diploma or equivalent",NA,NA,30.49,40,0
"608","13-1011","Agents & Business Managers of Artists Performers & Athletes",0,"Bachelor's degree",NA,NA,17.9,27.86,0
"609","13-1074","Farm Labor Contractors",0,"No formal educational credential",NA,NA,0,0,0
"610","13-2081","Tax Examiners & Collectors & Revenue Agents",0,"Bachelor's degree",NA,NA,19.61,34.02,0
"611","15-2021","Mathematicians",0,"Master's degree",NA,NA,31.73,51.55,0
"612","15-2091","Mathematical Technicians",0,"Bachelor's degree",NA,NA,0,0,0
"613","15-2099","Mathematical Science Occupations All Other",0,"Bachelor's degree",NA,NA,18.75,39.89,0
"614","17-1012","Landscape Architects",0,"Bachelor's degree",NA,NA,21.41,31.04,0
"615","17-1021","Cartographers & Photogrammetrists",0,"Bachelor's degree",NA,NA,19.34,27.69,0
"616","17-1022","Surveyors",0,"Bachelor's degree",NA,NA,18.42,26.54,0
"617","17-2011","Aerospace Engineers",0,"Bachelor's degree","Logistics","tran",34.49,48.07,0
"618","17-2021","Agricultural Engineers",0,"Bachelor's degree",NA,NA,0,0,0
"619","17-2031","Biomedical Engineers",0,"Bachelor's degree",NA,NA,30.73,39.91,0
"620","17-2072","Electronics Engineers Except Computer",0,"Bachelor's degree",NA,NA,32.34,48.23,0
"621","17-2121","Marine Engineers & Naval Architects",0,"Bachelor's degree",NA,NA,33.25,47.45,0
"622","17-2151","Mining & Geological Engineers Including Mining Safety Engineers",0,"Bachelor's degree",NA,NA,31.72,56.81,0
"623","17-3021","Aerospace Engineering & Operations Technicians",0,"Associate's degree",NA,NA,0,0,0
"624","17-3025","Environmental Engineering Technicians",0,"Associate's degree",NA,NA,20.62,29.99,0
"625","19-1011","Animal Scientists",0,"Bachelor's degree",NA,NA,0,0,0
"626","19-1021","Biochemists & Biophysicists",0,"Doctoral or professional degree",NA,NA,29.14,48.46,0
"627","19-1032","Foresters",0,"Bachelor's degree",NA,NA,22.19,28.62,0
"628","19-1041","Epidemiologists",0,"Master's degree",NA,NA,25.56,36.99,0
"629","19-1099","Life Scientists All Other",0,"Bachelor's degree",NA,NA,26.47,37.1,0
"630","19-2021","Atmospheric & Space Scientists",0,"Bachelor's degree",NA,NA,28.56,51.14,0
"631","19-2032","Materials Scientists",0,"Bachelor's degree",NA,NA,0,0,0
"632","19-2043","Hydrologists",0,"Bachelor's degree",NA,NA,25.41,36.1,0
"633","19-2099","Physical Scientists All Other",0,"Bachelor's degree",NA,NA,21.7,37.09,0
"634","19-3011","Economists",0,"Master's degree",NA,NA,31.08,47.46,0
"635","19-3041","Sociologists",0,"Master's degree",NA,NA,0,0,0
"636","19-3092","Geographers",0,"Bachelor's degree",NA,NA,0,0,0
"637","19-3093","Historians",0,"Master's degree",NA,NA,0,0,0
"638","19-3094","Political Scientists",0,"Master's degree",NA,NA,0,0,0
"639","19-3099","Social Scientists & Related Workers All Other",0,"Bachelor's degree",NA,NA,26.81,41.66,0
"640","19-4011","Agricultural & Food Science Technicians",0,"Associate's degree",NA,NA,15.5,22.12,0
"641","19-4021","Biological Technicians",0,"Bachelor's degree",NA,NA,13.79,22.47,0
"642","19-4051","Nuclear Technicians",0,"Associate's degree",NA,NA,0,0,0
"643","19-4061","Social Science Research Assistants",0,"Bachelor's degree",NA,NA,16.68,25.4,0
"644","19-4093","Forest & Conservation Technicians",0,"Associate's degree",NA,NA,15.26,21.67,0
"645","21-1092","Probation Officers & Correctional Treatment Specialists",0,"Bachelor's degree",NA,NA,15.25,20.12,0
"646","21-2099","Religious Workers All Other",0,"Bachelor's degree",NA,NA,10.74,21.28,0
"647","23-1021","Administrative Law Judges Adjudicators & Hearing Officers",0,"Doctoral or professional degree",NA,NA,19.69,36.21,0
"648","23-1022","Arbitrators Mediators & Conciliators",0,"Bachelor's degree",NA,NA,19.69,26.2,0
"649","23-1023","Judges Magistrate Judges & Magistrates",0,"Doctoral or professional degree","Business","leg",31.71,63.89,0
"650","23-2091","Court Reporters",0,"Postsecondary nondegree award",NA,NA,18.67,24.31,0
"651","25-1099","Postsecondary Teachers",0,"Doctoral or professional degree",NA,NA,22.58,38.43,0
"652","25-2023","CTE Teachers Middle School",0,"Bachelor's degree",NA,NA,0,0,0
"653","25-2032","CTE Teachers Secondary School",0,"Bachelor's degree",NA,NA,24.13,31.33,0
"654","25-3098","Substitute Teachers",0,"Bachelor's degree",NA,NA,10.1,12.8,0
"655","25-4011","Archivists",0,"Master's degree",NA,NA,21.01,27.08,0
"656","25-9011","Audio-Visual & Multimedia Collections Specialists",0,"Bachelor's degree",NA,NA,0,0,0
"657","25-9099","Education Training & Library Workers All Other",0,"Bachelor's degree",NA,NA,9.64,18.19,0
"658","27-1012","Craft Artists",0,"No formal educational credential",NA,NA,5.75,7.5,0
"659","27-1019","Artists & Related Workers All Other",0,"No formal educational credential",NA,NA,13.7,22.19,0
"660","27-1023","Floral Designers",0,"High school diploma or equivalent",NA,NA,11.29,15.02,0
"661","27-2031","Dancers",0,"No formal educational credential",NA,NA,11.33,17.75,0
"662","27-2032","Choreographers",0,"High school diploma or equivalent",NA,NA,14.59,24.81,0
"663","27-2099","Entertainers & Performers Sports & Related Workers All Other",0,"No formal educational credential",NA,NA,18.3,26.34,0
"664","27-3012","Public Address System & Other Announcers",0,"High school diploma or equivalent",NA,NA,11.33,17.07,0
"665","27-3021","Broadcast News Analysts",0,"Bachelor's degree",NA,NA,21.79,50.14,0
"666","27-3099","Media & Communication Workers All Other",0,"High school diploma or equivalent",NA,NA,14.2,22.84,0
"667","27-4013","Radio Operators",0,"High school diploma or equivalent",NA,NA,0,0,0
"668","27-4099","Media & Communication Equipment Workers All Other",0,"High school diploma or equivalent",NA,NA,18.17,32.43,0
"669","29-1011","Chiropractors",0,"Doctoral or professional degree",NA,NA,21.26,29.56,0
"670","29-1065","Pediatricians General",0,"Doctoral or professional degree","Healthcare","dire",57.9,87.39,0
"671","29-1161","Nurse Midwives",0,"Master's degree",NA,NA,40.43,52.76,0
"672","29-2033","Nuclear Medicine Technologists",0,"Associate's degree",NA,NA,26.35,34.96,0
"673","29-2054","Respiratory Therapy Technicians",0,"Associate's degree",NA,NA,19.58,28.28,0
"674","29-2091","Orthotists & Prosthetists",0,"Master's degree",NA,NA,20.99,33.73,0
"675","29-9092","Genetic Counselors",0,"Master's degree",NA,NA,0,0,0
"676","31-1013","Psychiatric Aides",0,"High school diploma or equivalent",NA,NA,10.6,14.32,0
"677","33-2022","Forest Fire Inspectors & Prevention Specialists",0,"High school diploma or equivalent",NA,NA,0,0,0
"678","33-3011","Bailiffs",0,"High school diploma or equivalent",NA,NA,9.85,13.42,0
"679","33-3031","Fish & Game Wardens",0,"Bachelor's degree",NA,NA,0,0,0
"680","33-3041","Parking Enforcement Workers",0,"High school diploma or equivalent",NA,NA,13.42,20.37,0
"681","33-3052","Transit & Railroad Police",0,"High school diploma or equivalent",NA,NA,0,0,0
"682","33-9011","Animal Control Workers",0,"High school diploma or equivalent",NA,NA,11.56,16.34,0
"683","33-9031","Gaming Surveillance Officers & Gaming Investigators",0,"High school diploma or equivalent",NA,NA,14.18,21.48,0
"684","33-9091","Crossing Guards",0,"No formal educational credential",NA,NA,11.47,15.71,0
"685","35-2011","Cooks Fast Food",0,"No formal educational credential",NA,NA,8.65,10.06,0
"686","35-2013","Cooks Private Household",0,"Postsecondary nondegree award",NA,NA,0,0,0
"687","35-2019","Cooks All Other",0,"No formal educational credential",NA,NA,10.81,16.17,0
"688","35-9099","Food Preparation & Serving Related Workers All Other",0,"No formal educational credential",NA,NA,8.67,10.39,0
"689","37-1012","Supervisors of Landscaping Lawn Service & Groundskeeping Workers",0,"High school diploma or equivalent",NA,NA,14.91,22.02,0
"690","37-3019","Grounds Maintenance Workers All Other",0,"No formal educational credential",NA,NA,16.88,27.89,0
"691","39-1012","SlotSupervisors",0,"High school diploma or equivalent",NA,NA,15.07,22.96,0
"692","39-3012","Gaming & Sports Book Writers & Runners",0,"High school diploma or equivalent",NA,NA,10.65,17.18,0
"693","39-3021","Motion Picture Projectionists",0,"No formal educational credential",NA,NA,9.15,12.64,0
"694","39-3099","Entertainment Attendants & Related Workers All Other",0,"High school diploma or equivalent",NA,NA,9.98,13.74,0
"695","39-4011","Embalmers",0,"Postsecondary nondegree award",NA,NA,11.37,17.14,0
"696","39-4021","Funeral Attendants",0,"High school diploma or equivalent",NA,NA,9.38,12.57,0
"697","39-4031","Morticians Undertakers & Funeral Directors",0,"Associate's degree",NA,NA,17.98,30.49,0
"698","39-5092","Manicurists & Pedicurists",0,"Postsecondary nondegree award",NA,NA,9.97,12.72,0
"699","39-5093","Shampooers",0,"No formal educational credential",NA,NA,8.74,10.23,0
"700","39-5094","Skincare Specialists",0,"Postsecondary nondegree award",NA,NA,10.76,18.63,0
"701","39-7011","Tour Guides & Escorts",0,"High school diploma or equivalent",NA,NA,9.97,14.09,0
"702","41-2012","Gaming Change Persons & Booth Cashiers",0,"High school diploma or equivalent",NA,NA,10.56,15.31,0
"703","43-2099","Communications Equipment Operators All Other",0,"High school diploma or equivalent",NA,NA,0,0,0
"704","43-3041","Gaming Cage Workers",0,"High school diploma or equivalent",NA,NA,10.69,15.14,0
"705","43-3099","Financial Clerks All Other",0,"High school diploma or equivalent",NA,NA,18.61,25.87,0
"706","43-4021","Correspondence Clerks",0,"High school diploma or equivalent","Business","fin",16.86,23.29,0
"707","43-4141","New Accounts Clerks",0,"High school diploma or equivalent",NA,NA,15.17,19.87,0
"708","43-4181","Reservation & Transportation Ticket Agents & Travel Clerks",0,"High school diploma or equivalent",NA,NA,12.33,24.05,0
"709","43-4199","Information & Record Clerks All Other",0,"High school diploma or equivalent",NA,NA,13.29,19.46,0
"710","43-5052","Postal Service Mail Carriers",0,"High school diploma or equivalent",NA,NA,19.94,29.19,0
"711","43-9031","Desktop Publishers",0,"Associate's degree",NA,NA,17.16,23.51,0
"712","45-2011","Agricultural Inspectors",0,"Bachelor's degree",NA,NA,18.52,27.7,0
"713","45-2021","Animal Breeders",0,"High school diploma or equivalent",NA,NA,0,0,0
"714","45-2091","Agricultural Equipment Operators",0,"No formal educational credential",NA,NA,10.94,17.26,0
"715","45-2099","Agricultural Workers All Other",0,"No formal educational credential",NA,NA,12.4,18.07,0
"716","45-3011","Fishers & Related Fishing Workers",0,"No formal educational credential",NA,NA,13.61,16.81,0
"717","45-3021","Hunters & Trappers",0,"No formal educational credential",NA,NA,0,0,0
"718","45-4021","Fallers",0,"High school diploma or equivalent",NA,NA,13.91,24.76,0
"719","45-4022","Logging Equipment Operators",0,"High school diploma or equivalent",NA,NA,14.04,19.47,0
"720","47-2021","Brickmasons & Blockmasons",0,"High school diploma or equivalent",NA,NA,15.82,22.47,0
"721","47-2022","Stonemasons",0,"High school diploma or equivalent",NA,NA,13.5,18.26,0
"722","47-2041","Carpet Installers",0,"No formal educational credential",NA,NA,11.72,16.63,0
"723","47-2043","Floor Sanders & Finishers",0,"No formal educational credential",NA,NA,12.88,17.77,0
"724","47-2053","Terrazzo Workers & Finishers",0,"High school diploma or equivalent",NA,NA,0,0,0
"725","47-2072","Pile-Driver Operators",0,"High school diploma or equivalent",NA,NA,0,0,0
"726","47-2082","Tapers",0,"No formal educational credential",NA,NA,20.25,25.84,0
"727","47-2132","Insulation Workers Mechanical",0,"High school diploma or equivalent",NA,NA,25.43,40.89,0
"728","47-2142","Paperhangers",0,"No formal educational credential",NA,NA,12.53,16.2,0
"729","47-2151","Pipelayers",0,"No formal educational credential",NA,NA,12.53,20.42,0
"730","47-2161","Plasterers & Stucco Masons",0,"No formal educational credential",NA,NA,15.58,18.56,0
"731","47-2171","Reinforcing Iron & Rebar Workers",0,"High school diploma or equivalent",NA,NA,18.03,28.48,0
"732","47-3011","Helpers--Brickmasons Blockmasons Stonemasons & Tile & Marble Setters",0,"No formal educational credential",NA,NA,10.82,15.2,0
"733","47-3012","Helpers--Carpenters",0,"No formal educational credential",NA,NA,13.95,17.88,0
"734","47-3013","Helpers--Electricians",0,"High school diploma or equivalent",NA,NA,10.97,14.31,0
"735","47-3014","Helpers--Painters Paperhangers Plasterers & Stucco Masons",0,"No formal educational credential",NA,NA,10.28,12.64,0
"736","47-3015","Helpers--Pipelayers Plumbers Pipefitters & Steamfitters",0,"High school diploma or equivalent",NA,NA,10.44,14.98,0
"737","47-3016","Helpers--Roofers",0,"No formal educational credential",NA,NA,10.82,15.42,0
"738","47-3019","Helpers Construction Trades All Other",0,"No formal educational credential",NA,NA,15.36,21.64,0
"739","47-4021","Elevator Installers & Repairers",0,"High school diploma or equivalent",NA,NA,26.32,35.56,0
"740","47-4071","Septic Tank Servicers & Sewer Pipe Cleaners",0,"No formal educational credential",NA,NA,11.28,15.65,0
"741","47-4091","Segmental Pavers",0,"High school diploma or equivalent",NA,NA,0,0,0
"742","47-5011","Derrick Operators Oil & Gas",0,"No formal educational credential",NA,NA,0,0,0
"743","47-5012","Rotary Drill Operators Oil & Gas",0,"No formal educational credential",NA,NA,0,0,0
"744","47-5013","Service Unit Operators Oil Gas & Mining",0,"No formal educational credential",NA,NA,19.48,19.48,0
"745","47-5021","Earth Drillers Except Oil & Gas",0,"High school diploma or equivalent",NA,NA,18.73,25.4,0
"746","47-5031","Explosives Workers Ordnance Handling Experts & Blasters",0,"High school diploma or equivalent",NA,NA,18.1,23.64,0
"747","47-5041","Continuous Mining Machine Operators",0,"No formal educational credential",NA,NA,19.71,25.54,0
"748","47-5042","Mine Cutting & Channeling Machine Operators",0,"High school diploma or equivalent",NA,NA,0,0,0
"749","47-5049","Mining Machine Operators All Other",0,"High school diploma or equivalent",NA,NA,18.49,24.09,0
"750","47-5051","Rock Splitters Quarry",0,"No formal educational credential",NA,NA,15.04,20.84,0
"751","47-5061","Roof Bolters Mining",0,"High school diploma or equivalent",NA,NA,0,0,0
"752","47-5081","Helpers--Extraction Workers",0,"High school diploma or equivalent",NA,NA,14.68,21.74,0
"753","47-5099","Extraction Workers All Other",0,"High school diploma or equivalent",NA,NA,0,0,0
"754","49-2021","Radio Cellular & Tower Equipment Installers & Repairs",0,"Associate's degree",NA,NA,19.18,35.3,0
"755","49-3022","Automotive Glass Installers & Repairers",0,"High school diploma or equivalent",NA,NA,12.49,17.32,0
"756","49-3043","Rail Car Repairers",0,"High school diploma or equivalent",NA,NA,20.56,27.16,0
"757","49-3051","Motorboat Mechanics & Service Technicians",0,"High school diploma or equivalent",NA,NA,12.77,18.5,0
"758","49-3052","Motorcycle Mechanics",0,"Postsecondary nondegree award",NA,NA,11.74,18.22,0
"759","49-3092","Recreational Vehicle Service Technicians",0,"High school diploma or equivalent",NA,NA,13.9,17.87,0
"760","49-9011","Mechanical Door Repairers",0,"High school diploma or equivalent",NA,NA,15.58,22.42,0
"761","49-9043","Maintenance Workers Machinery",0,"High school diploma or equivalent","Manufacturing","main",17.29,25.74,0
"762","49-9045","Refractory Materials Repairers Except Brickmasons",0,"High school diploma or equivalent",NA,NA,0,0,0
"763","49-9061","Camera & Photographic Equipment Repairers",0,"Associate's degree",NA,NA,15.5,27.58,0
"764","49-9063","Musical Instrument Repairers & Tuners",0,"High school diploma or equivalent",NA,NA,14.62,23.57,0
"765","49-9069","Precision Instrument & Equipment Repairers All Other",0,"High school diploma or equivalent",NA,NA,21.81,31.16,0
"766","49-9092","Commercial Divers",0,"Postsecondary nondegree award",NA,NA,18.85,27.12,0
"767","49-9093","Fabric Menders Except Garment",0,"No formal educational credential",NA,NA,0,0,0
"768","49-9094","Locksmiths & Safe Repairers",0,"High school diploma or equivalent",NA,NA,12.52,16.75,0
"769","49-9095","Manufactured Building & Mobile Home Installers",0,"High school diploma or equivalent",NA,NA,12.32,18.58,0
"770","51-2021","Coil Winders Tapers & Finishers",0,"High school diploma or equivalent",NA,NA,10.84,16.23,0
"771","51-2023","Electromechanical Equipment Assemblers",0,"High school diploma or equivalent",NA,NA,14.82,20.72,0
"772","51-2031","Engine & Other Machine Assemblers",0,"High school diploma or equivalent",NA,NA,12,18.93,0
"773","51-2091","Fiberglass Laminators & Fabricators",0,"High school diploma or equivalent","Manufacturing","prod",12.28,18.96,0
"774","51-2093","Timing Device Assemblers & Adjusters",0,"High school diploma or equivalent",NA,NA,0,0,0
"775","51-3023","Slaughterers & Meat Packers",0,"No formal educational credential",NA,NA,12.32,16.7,0
"776","51-3091","Food & Tobacco Roasting Baking & Drying Machine Operators & Tenders",0,"No formal educational credential",NA,NA,12.53,15.26,0
"777","51-3093","Food Cooking Machine Operators & Tenders",0,"High school diploma or equivalent",NA,NA,14.48,20.85,0
"778","51-3099","Food Processing Workers All Other",0,"No formal educational credential",NA,NA,9.02,14.29,0
"779","51-4022","Forging Machine Setters Operators & Tenders Metal & Plastic",0,"High school diploma or equivalent",NA,NA,15.85,24.27,0
"780","51-4023","Rolling Machine Setters Operators & Tenders Metal & Plastic",0,"High school diploma or equivalent",NA,NA,14.77,20.4,0
"781","51-4034","Lathe & Turning Machine Tool Setters Operators & Tenders Metal & Plastic",0,"High school diploma or equivalent",NA,NA,15.91,23.55,0
"782","51-4051","Metal-Refining Furnace Operators & Tenders",0,"High school diploma or equivalent",NA,NA,17.09,24.3,0
"783","51-4052","Pourers & Casters Metal",0,"High school diploma or equivalent",NA,NA,13.08,19.62,0
"784","51-4061","Model Makers Metal & Plastic",0,"High school diploma or equivalent",NA,NA,14.69,26.9,0
"785","51-4062","Patternmakers Metal & Plastic",0,"High school diploma or equivalent",NA,NA,0,0,0
"786","51-4071","Foundry Mold & Coremakers",0,"High school diploma or equivalent",NA,NA,12.51,18.22,0
"787","51-4081","Multiple Machine Tool Setters Operators & Tenders Metal & Plastic",0,"High school diploma or equivalent","Manufacturing","prod",13.12,18.72,0
"788","51-4192","Layout Workers Metal & Plastic",0,"High school diploma or equivalent",NA,NA,17.99,26.53,0
"789","51-4193","Plating & Coating Machine Setters Operators & Tenders Metal & Plastic",0,"High school diploma or equivalent",NA,NA,11.42,16.43,0
"790","51-4194","Tool Grinders Filers & Sharpeners",0,"High school diploma or equivalent",NA,NA,10.98,15.76,0
"791","51-6021","Pressers Textile Garment & Related Materials",0,"No formal educational credential",NA,NA,8.76,10.94,0
"792","51-6041","Shoe & Leather Workers & Repairers",0,"High school diploma or equivalent",NA,NA,10.05,12.35,0
"793","51-6051","Sewers Hand",0,"No formal educational credential",NA,NA,8.28,10.62,0
"794","51-6061","Textile Bleaching & Dyeing Machine Operators & Tenders",0,"High school diploma or equivalent",NA,NA,0,0,0
"795","51-6063","Textile Knitting & Weaving Machine Setters Operators & Tenders",0,"High school diploma or equivalent",NA,NA,9.76,13.75,0
"796","51-6091","Extruding & Forming Machine Setters Operators & Tenders Synthetic & Glass Fibers",0,"High school diploma or equivalent",NA,NA,13.96,19.48,0
"797","51-6092","Fabric & Apparel Patternmakers",0,"High school diploma or equivalent",NA,NA,0,0,0
"798","51-6093","Upholsterers",0,"High school diploma or equivalent",NA,NA,11.07,15.21,0
"799","51-7021","Furniture Finishers",0,"High school diploma or equivalent",NA,NA,11.6,15.22,0
"800","51-7031","Model Makers Wood",0,"High school diploma or equivalent",NA,NA,0,0,0
"801","51-7032","Patternmakers Wood",0,"High school diploma or equivalent",NA,NA,0,0,0
"802","51-7042","Woodworking Machine Setters Operators & Tenders Except Sawing",0,"High school diploma or equivalent","Manufacturing","prod",12.09,17.67,0
"803","51-7099","Woodworkers All Other",0,"High school diploma or equivalent",NA,NA,12.77,18.41,0
"804","51-8011","Nuclear Power Reactor Operators",0,"High school diploma or equivalent",NA,NA,0,0,0
"805","51-8031","Water & Wastewater Treatment Plant & System Operators",0,"High school diploma or equivalent",NA,NA,14.84,21.25,0
"806","51-8091","Chemical Plant & System Operators",0,"High school diploma or equivalent",NA,NA,22.38,35.62,0
"807","51-8099","Plant & System Operators All Other",0,"High school diploma or equivalent",NA,NA,25.19,38.63,0
"808","51-9022","Grinding & Polishing Workers Hand",0,"No formal educational credential",NA,NA,12.2,15.36,0
"809","51-9031","Cutters & Trimmers Hand",0,"No formal educational credential",NA,NA,11.72,17.54,0
"810","51-9071","Jewelers & Precious Stone & Metal Workers",0,"High school diploma or equivalent",NA,NA,12.39,18.84,0
"811","51-9082","Medical Appliance Technicians",0,"High school diploma or equivalent",NA,NA,12.72,20.6,0
"812","51-9123","Painting Coating & Decorating Workers",0,"No formal educational credential",NA,NA,11.97,17.12,0
"813","51-9141","Semiconductor Processors",0,"Associate's degree",NA,NA,16.35,23.35,0
"814","51-9193","Cooling & Freezing Equipment Operators & Tenders",0,"High school diploma or equivalent",NA,NA,9.36,13.4,0
"815","51-9194","Etchers & Engravers",0,"High school diploma or equivalent",NA,NA,11,16.68,0
"816","51-9196","Paper Goods Machine Setters Operators & Tenders",0,"High school diploma or equivalent",NA,NA,11.34,18.39,0
"817","53-2011","Airline Pilots Copilots & Flight Engineers",0,"Bachelor's degree","Logistics","tran",47.31,86.3,0
"818","53-3011","Ambulance Drivers & Attendants Except Emergency Medical Technicians",0,"High school diploma or equivalent",NA,NA,11.15,15.58,0
"819","53-4011","Locomotive Engineers",0,"High school diploma or equivalent",NA,NA,26.35,37.07,0
"820","53-4012","Locomotive Firers",0,"High school diploma or equivalent",NA,NA,0,0,0
"821","53-4013","Rail Yard Engineers Dinkey Operators & Hostlers",0,"High school diploma or equivalent",NA,NA,19.47,29.92,0
"822","53-4021","Railroad Brake Signal & Switch Operators",0,"High school diploma or equivalent",NA,NA,23.51,34.5,0
"823","53-4041","Subway & Streetcar Operators",0,"High school diploma or equivalent",NA,NA,28.8,39.57,0
"824","53-4099","Rail Transportation Workers All Other",0,"High school diploma or equivalent",NA,NA,21.97,37.09,0
"825","53-5022","Motorboat Operators",0,"Postsecondary nondegree award",NA,NA,11.99,27.69,0
"826","53-5031","Ship Engineers",0,"Postsecondary nondegree award",NA,NA,29.98,46.96,0
"827","53-6011","Bridge & Lock Tenders",0,"High school diploma or equivalent",NA,NA,23.86,29.7,0
"828","53-6099","Transportation Workers All Other",0,"High school diploma or equivalent",NA,NA,9.25,22.18,0
"829","53-7011","Conveyor Operators & Tenders",0,"No formal educational credential",NA,NA,17.52,27.35,0
"830","53-7031","Dredge Operators",0,"High school diploma or equivalent",NA,NA,16.68,24.07,0
"831","53-7032","Excavating & Loading Machine & Dragline Operators",0,"High school diploma or equivalent",NA,NA,15.03,22.83,0
"832","53-7071","Gas Compressor & Gas Pumping Station Operators",0,"High school diploma or equivalent",NA,NA,23.2,33.87,0
"833","53-7072","Pump Operators Except Wellhead Pumpers",0,"High school diploma or equivalent",NA,NA,15.05,24.12,0
"834","53-7073","Wellhead Pumpers",0,"High school diploma or equivalent",NA,NA,0,0,0
"835","53-7111","Mine Shuttle Car Operators",0,"No formal educational credential",NA,NA,0,0,0
"836","55-9999","Military occupations",0,"N/A",NA,NA,11.86,18.12,0
"837","99-9999","Unclassified Occupation",0,"N/A",NA,NA,0,0,0
